{
    "data": [{
        "production_projects": "车道线|路牙",
        "batch_id": "A-7",
        "step_value": "制作",
        "status_value": "已提交",
        "task_id": "1001-1-018-170511",
        "type_value": "高速",
        "pre_manday": "3.4",
        "department_value": "A点",
        "des": "5",
        "finish_date": "2018-01-05",
        "name": "王五",
        "id": 97,
        "launch_date": "2018-01-05",
        "mileage": 201.8
    }, {
        "production_projects": "车道线|路牙",
        "batch_id": "A-6",
        "step_value": "制作",
        "status_value": "已提交",
        "task_id": "1001-1-018-170511",
        "type_value": "高速",
        "pre_manday": "3.4",
        "department_value": "A点",
        "des": "3",
        "finish_date": "2018-01-05",
        "name": "王五",
        "id": 95,
        "launch_date": "2018-01-05",
        "mileage": 201.8
    }, {
        "production_projects": "车道线|路牙",
        "batch_id": "A-7",
        "step_value": "制作",
        "status_value": "已提交",
        "task_id": "1001-1-018-170511",
        "type_value": "高速",
        "pre_manday": "3.4",
        "department_value": "A点",
        "des": "4",
        "finish_date": "2018-01-05",
        "name": "王五",
        "id": 96,
        "launch_date": "2018-01-05",
        "mileage": 201.8
    }, {
        "production_projects": "车道线|路牙",
        "batch_id": "A-6",
        "step_value": "制作",
        "status_value": "已提交",
        "task_id": "1001-1-018-170511",
        "type_value": "高速",
        "pre_manday": "3.4",
        "department_value": "A点",
        "des": "2",
        "finish_date": "2018-01-05",
        "name": "王五",
        "id": 94,
        "launch_date": "2018-01-05",
        "mileage": 201.8
    }, {
        "production_projects": "车道线|路牙",
        "batch_id": "A-5",
        "step_value": "制作",
        "status_value": "已提交",
        "task_id": "1001-1-018-170511",
        "type_value": "高速",
        "pre_manday": "3.4",
        "department_value": "A点",
        "des": "1",
        "finish_date": "2018-01-05",
        "name": "王五",
        "id": 93,
        "launch_date": "2018-01-05",
        "mileage": 201.8
    }, {
        "production_projects": "车道线|路牙",
        "batch_id": "A-4",
        "step_value": "制作",
        "status_value": "已完成",
        "task_id": "1001-1-018-170511",
        "type_value": "高速",
        "pre_manday": "3.4",
        "department_value": "A点",
        "des": "7",
        "finish_date": "2018-01-05",
        "name": "王五",
        "id": 90,
        "launch_date": "2018-01-05",
        "mileage": 201.8
    }, {
        "production_projects": "车道线|路牙",
        "batch_id": "A-5",
        "step_value": "制作",
        "status_value": "已完成",
        "task_id": "1001-1-018-170511",
        "type_value": "高速",
        "pre_manday": "3.4",
        "department_value": "A点",
        "des": "8",
        "finish_date": "2018-01-05",
        "name": "王五",
        "id": 91,
        "launch_date": "2018-01-05",
        "mileage": 201.8
    }, {
        "production_projects": "车道线|路牙",
        "batch_id": "A-5",
        "step_value": "制作",
        "status_value": "已完成",
        "task_id": "1001-1-018-170511",
        "type_value": "高速",
        "pre_manday": "3.4",
        "department_value": "A点",
        "des": "9",
        "finish_date": "2018-01-05",
        "name": "王五",
        "id": 92,
        "launch_date": "2018-01-05",
        "mileage": 201.8
    }],
    "message": "ok",
    "code": 0,
    "count": 8,
    "token": null
}