{
    "RECORDS": [{
            "id": 314,
            "name": "admin",
            "qq": "2132193219@qq.com",
            "department_id": 1,
            "role_id": 1,
            "hire_date": "2018\/1\/23 16:00:52",
            "status": 1
        },
        {
            "id": 7,
            "name": "苏萌",
            "qq": "175356584@qq.com",
            "department_id": 2,
            "role_id": 2,
            "hire_date": "2017\/10\/1 00:00:00",
            "status": 1
        },
        {
            "id": 141,
            "name": "王五",
            "qq": "123456789",
            "department_id": 1,
            "role_id": 3,
            "hire_date": "2017\/8\/1 00:00:00",
            "status": 1
        },
        {
            "id": 8,
            "name": "郭谨",
            "qq": "88888882",
            "department_id": 2,
            "role_id": 4,
            "hire_date": "2017\/10\/9 00:00:00",
            "status": 1
        },
        {
            "id": 20,
            "name": "李平",
            "qq": "88888884",
            "department_id": 5,
            "role_id": 5,
            "hire_date": "2017\/8\/1 00:00:00",
            "status": 0
        }
    ]
}