{
    "data": [{
        "id": 1,
        "value": "未下发",
        "des": null
    }, {
        "id": 2,
        "value": "待编辑",
        "des": "null"
    }, {
        "id": 3,
        "value": "编辑中",
        "des": null
    }, {
        "id": 4,
        "value": "待质检",
        "des": null
    }, {
        "id": 5,
        "value": "质检中",
        "des": null
    }, {
        "id": 6,
        "value": "合格待返修",
        "des": null
    }, {
        "id": 7,
        "value": "不合格待返工",
        "des": null
    }, {
        "id": 8,
        "value": "已完成",
        "des": null
    }, {
        "id": 9,
        "value": "待修改",
        "des": null
    }, {
        "id": 10,
        "value": "修改中",
        "des": null
    }, {
        "id": 11,
        "value": "已提交",
        "des": null
    }],
    "message": "ok",
    "code": 0,
    "count": null,
    "token": null
}