{
    "data": [{
        "id": 1,
        "value": "车道线",
        "des": null
    }, {
        "id": 2,
        "value": "栅栏",
        "des": null
    }, {
        "id": 3,
        "value": "路牙",
        "des": null
    }, {
        "id": 4,
        "value": "地标",
        "des": null
    }, {
        "id": 5,
        "value": "其他",
        "des": null
    }, {
        "id": 8,
        "value": "未知",
        "des": null
    }],
    "message": "ok",
    "code": 0,
    "count": null,
    "token": null
}